Label,# Samples,Average,Min,Max,Std. Dev.,Error %,Throughput,Received KB/sec,Sent KB/sec,Avg. Bytes
1,200,203,157,300,27.04,0.000%,4.90028,22.28,0.00,4655.7
2,400,201,155,297,24.42,0.000%,9.75824,48.25,0.00,5063.1
4,400,202,158,293,22.64,0.000%,19.01954,86.68,0.00,4666.9
8,400,207,159,305,25.76,0.000%,34.71318,162.10,0.00,4781.9
16,800,210,159,308,24.51,0.000%,68.94174,313.91,0.00,4662.5
32,800,232,166,390,32.24,0.000%,117.33646,535.91,0.00,4676.9
64,1600,411,169,576,62.36,0.000%,140.88228,645.20,0.00,4689.6
TOTAL,4600,282,155,576,104.24,0.000%,31.91076,147.08,0.00,4719.7
