Label,# Samples,Average,Min,Max,Std. Dev.,Error %,Throughput,Received KB/sec,Sent KB/sec,Avg. Bytes
1,200,1541,1091,7787,992.58,0.000%,.64844,4.00,0.00,6315.5
2,400,1425,1010,4873,816.73,0.000%,1.39163,9.11,0.00,6702.4
4,400,1480,793,7183,913.69,0.000%,2.55008,16.00,0.00,6426.3
8,400,1468,803,5762,900.94,0.000%,4.73182,31.17,0.00,6745.4
16,800,1411,768,6408,904.96,0.000%,9.82125,60.90,0.00,6349.4
32,800,1586,775,10042,1422.39,0.000%,15.30105,98.09,0.00,6564.3
64,1600,2750,780,33955,4967.04,0.000%,16.35039,104.39,0.00,6537.5
TOTAL,4600,1925,768,33955,3112.15,0.000%,4.30360,27.41,0.00,6522.5
